Indice,File,Diff_media
0,00000_08500_label_free.tif,24.1006
1,00000_09000_label_free.tif,33.1505
2,00000_09500_label_free.tif,37.2303
3,00000_10000_label_free.tif,39.5998
4,00000_10500_label_free.tif,43.3185
5,00000_11000_label_free.tif,45.1799
6,00000_11500_label_free.tif,36.6311
7,00000_12000_label_free.tif,24.301
8,00500_06000_label_free.tif,26.3875
9,00500_06500_label_free.tif,26.8267
10,00500_07000_label_free.tif,25.9136
11,00500_07500_label_free.tif,26.4038
12,00500_08000_label_free.tif,30.4291
13,00500_08500_label_free.tif,38.1105
14,00500_09000_label_free.tif,45.7433
15,00500_09500_label_free.tif,46.6029
16,00500_10000_label_free.tif,48.6008
17,00500_10500_label_free.tif,52.5815
18,00500_11000_label_free.tif,52.0863
19,00500_11500_label_free.tif,40.6577
20,00500_12000_label_free.tif,28.2725
21,01000_05500_label_free.tif,30.6569
22,01000_06000_label_free.tif,41.7326
23,01000_06500_label_free.tif,41.7424
24,01000_07000_label_free.tif,40.6776
25,01000_07500_label_free.tif,43.2756
26,01000_08000_label_free.tif,44.7708
27,01000_08500_label_free.tif,46.6094
28,01000_09000_label_free.tif,46.414
29,01000_09500_label_free.tif,45.5805
30,01000_10000_label_free.tif,47.2244
31,01000_10500_label_free.tif,49.1612
32,01000_11000_label_free.tif,47.7718
33,01000_11500_label_free.tif,42.3162
34,01000_12000_label_free.tif,39.348
35,01000_12500_label_free.tif,38.646
36,01000_15500_label_free.tif,24.3692
37,01000_16000_label_free.tif,24.6564
38,01000_16500_label_free.tif,19.1152
39,01000_17000_label_free.tif,15.2489
40,01500_05500_label_free.tif,40.3138
41,01500_06000_label_free.tif,46.4946
42,01500_06500_label_free.tif,44.6864
43,01500_07000_label_free.tif,42.8025
44,01500_07500_label_free.tif,44.9082
45,01500_08000_label_free.tif,45.326
46,01500_08500_label_free.tif,46.3696
47,01500_09000_label_free.tif,44.2277
48,01500_09500_label_free.tif,43.4093
49,01500_10000_label_free.tif,44.3821
50,01500_10500_label_free.tif,46.9424
51,01500_11000_label_free.tif,49.8838
52,01500_11500_label_free.tif,51.6485
53,01500_12000_label_free.tif,54.389
54,01500_12500_label_free.tif,54.2247
55,01500_13000_label_free.tif,48.875
56,01500_13500_label_free.tif,41.0621
57,01500_14000_label_free.tif,32.3961
58,01500_15500_label_free.tif,32.2816
59,01500_16000_label_free.tif,37.0514
60,01500_16500_label_free.tif,35.2633
61,01500_17000_label_free.tif,27.9259
62,01500_17500_label_free.tif,25.276
63,01500_18000_label_free.tif,21.4358
64,02000_05000_label_free.tif,33.4551
65,02000_05500_label_free.tif,45.5095
66,02000_06000_label_free.tif,45.9028
67,02000_06500_label_free.tif,45.8255
68,02000_07000_label_free.tif,43.8196
69,02000_07500_label_free.tif,44.9174
70,02000_08000_label_free.tif,42.5982
71,02000_08500_label_free.tif,45.0857
72,02000_09000_label_free.tif,41.5542
73,02000_09500_label_free.tif,40.2786
74,02000_10000_label_free.tif,39.0405
75,02000_10500_label_free.tif,44.501
76,02000_11000_label_free.tif,50.279
77,02000_11500_label_free.tif,54.5035
78,02000_12000_label_free.tif,53.7358
79,02000_12500_label_free.tif,55.2825
80,02000_13000_label_free.tif,56.2913
81,02000_13500_label_free.tif,54.889
82,02000_14000_label_free.tif,49.6946
83,02000_14500_label_free.tif,43.7995
84,02000_15000_label_free.tif,41.0202
85,02000_15500_label_free.tif,45.2822
86,02000_16000_label_free.tif,47.9569
87,02000_16500_label_free.tif,45.8015
88,02000_17000_label_free.tif,35.0135
89,02000_17500_label_free.tif,28.589
90,02000_18000_label_free.tif,25.2484
91,02500_04500_label_free.tif,27.8963
92,02500_05000_label_free.tif,43.3324
93,02500_05500_label_free.tif,49.3419
94,02500_06000_label_free.tif,46.6892
95,02500_06500_label_free.tif,48.1088
96,02500_07000_label_free.tif,48.1074
97,02500_07500_label_free.tif,45.5937
98,02500_08000_label_free.tif,43.4665
99,02500_08500_label_free.tif,47.2188
100,02500_09000_label_free.tif,48.1429
101,02500_09500_label_free.tif,43.6695
102,02500_10000_label_free.tif,38.9082
103,02500_10500_label_free.tif,41.9071
104,02500_11000_label_free.tif,43.9849
105,02500_11500_label_free.tif,44.3795
106,02500_12000_label_free.tif,41.662
107,02500_12500_label_free.tif,44.2328
108,02500_13000_label_free.tif,47.2629
109,02500_13500_label_free.tif,49.0585
110,02500_14000_label_free.tif,50.1673
111,02500_14500_label_free.tif,50.8565
112,02500_15000_label_free.tif,51.0544
113,02500_15500_label_free.tif,54.0331
114,02500_16000_label_free.tif,56.2215
115,02500_16500_label_free.tif,54.5725
116,02500_17000_label_free.tif,44.0216
117,02500_17500_label_free.tif,32.2789
118,02500_18000_label_free.tif,27.0019
119,02500_18500_label_free.tif,20.5045
120,03000_03000_label_free.tif,25.3451
121,03000_03500_label_free.tif,28.987
122,03000_04000_label_free.tif,30.9643
123,03000_04500_label_free.tif,35.9494
124,03000_05000_label_free.tif,48.7094
125,03000_05500_label_free.tif,47.8022
126,03000_06000_label_free.tif,44.8971
127,03000_06500_label_free.tif,46.864
128,03000_07000_label_free.tif,49.925
129,03000_07500_label_free.tif,48.479
130,03000_08000_label_free.tif,48.8729
131,03000_08500_label_free.tif,52.1623
132,03000_09000_label_free.tif,54.1042
133,03000_09500_label_free.tif,45.4494
134,03000_10000_label_free.tif,36.7383
135,03000_10500_label_free.tif,36.1085
136,03000_11000_label_free.tif,35.1887
137,03000_11500_label_free.tif,35.0181
138,03000_12000_label_free.tif,34.3308
139,03000_12500_label_free.tif,38.1677
140,03000_13000_label_free.tif,39.7896
141,03000_13500_label_free.tif,39.7485
142,03000_14000_label_free.tif,39.6267
143,03000_14500_label_free.tif,40.7041
144,03000_15000_label_free.tif,43.4609
145,03000_15500_label_free.tif,49.211
146,03000_16000_label_free.tif,55.8199
147,03000_16500_label_free.tif,57.5639
148,03000_17000_label_free.tif,50.8568
149,03000_17500_label_free.tif,36.9448
150,03000_18000_label_free.tif,29.7902
151,03000_18500_label_free.tif,26.1612
152,03500_03000_label_free.tif,31.2399
153,03500_03500_label_free.tif,35.1962
154,03500_04000_label_free.tif,38.1096
155,03500_04500_label_free.tif,41.4771
156,03500_05000_label_free.tif,52.061
157,03500_05500_label_free.tif,46.9737
158,03500_06000_label_free.tif,43.7156
159,03500_06500_label_free.tif,45.1453
160,03500_07000_label_free.tif,49.0612
161,03500_07500_label_free.tif,47.8072
162,03500_08000_label_free.tif,50.3358
163,03500_08500_label_free.tif,52.6174
164,03500_09000_label_free.tif,56.7631
165,03500_09500_label_free.tif,47.6326
166,03500_10000_label_free.tif,40.7439
167,03500_10500_label_free.tif,36.5688
168,03500_11000_label_free.tif,36.2054
169,03500_11500_label_free.tif,36.5097
170,03500_12000_label_free.tif,38.4436
171,03500_12500_label_free.tif,41.025
172,03500_13000_label_free.tif,40.9433
173,03500_13500_label_free.tif,39.1352
174,03500_14000_label_free.tif,38.0261
175,03500_14500_label_free.tif,37.064
176,03500_15000_label_free.tif,36.1079
177,03500_15500_label_free.tif,39.1248
178,03500_16000_label_free.tif,45.6841
179,03500_16500_label_free.tif,53.7488
180,03500_17000_label_free.tif,52.7038
181,03500_17500_label_free.tif,41.8401
182,03500_18000_label_free.tif,31.837
183,03500_18500_label_free.tif,29.2076
184,03500_19000_label_free.tif,28.1189
185,04000_02500_label_free.tif,19.0275
186,04000_03000_label_free.tif,35.9041
187,04000_03500_label_free.tif,34.5561
188,04000_04000_label_free.tif,33.5163
189,04000_04500_label_free.tif,36.2688
190,04000_05000_label_free.tif,47.3294
191,04000_05500_label_free.tif,44.4432
192,04000_06000_label_free.tif,41.1627
193,04000_06500_label_free.tif,41.2166
194,04000_07000_label_free.tif,43.7955
195,04000_07500_label_free.tif,43.099
196,04000_08000_label_free.tif,43.9302
197,04000_08500_label_free.tif,44.3429
198,04000_09000_label_free.tif,47.1974
199,04000_09500_label_free.tif,42.4848
200,04000_10000_label_free.tif,40.3058
201,04000_10500_label_free.tif,38.8357
202,04000_11000_label_free.tif,38.7611
203,04000_11500_label_free.tif,38.7728
204,04000_12000_label_free.tif,39.5073
205,04000_12500_label_free.tif,40.6153
206,04000_13000_label_free.tif,39.5656
207,04000_13500_label_free.tif,37.7114
208,04000_14000_label_free.tif,37.4108
209,04000_14500_label_free.tif,36.7425
210,04000_15000_label_free.tif,35.3673
211,04000_15500_label_free.tif,35.0961
212,04000_16000_label_free.tif,37.9265
213,04000_16500_label_free.tif,44.4838
214,04000_17000_label_free.tif,45.7442
215,04000_17500_label_free.tif,39.189
216,04000_18000_label_free.tif,30.7871
217,04000_18500_label_free.tif,29.2611
218,04000_19000_label_free.tif,31.0278
219,04000_19500_label_free.tif,23.6448
220,04500_02500_label_free.tif,22.4224
221,04500_03000_label_free.tif,39.0927
222,04500_03500_label_free.tif,35.1634
223,04500_04000_label_free.tif,28.3041
224,04500_04500_label_free.tif,29.2484
225,04500_05000_label_free.tif,39.3666
226,04500_05500_label_free.tif,40.8271
227,04500_06000_label_free.tif,39.0064
228,04500_06500_label_free.tif,42.5672
229,04500_07000_label_free.tif,44.6449
230,04500_07500_label_free.tif,44.4501
231,04500_08000_label_free.tif,42.4408
232,04500_08500_label_free.tif,43.1166
233,04500_09000_label_free.tif,45.3389
234,04500_09500_label_free.tif,43.6797
235,04500_10000_label_free.tif,42.7835
236,04500_10500_label_free.tif,42.1969
237,04500_11000_label_free.tif,40.8093
238,04500_11500_label_free.tif,40.4328
239,04500_12000_label_free.tif,42.3176
240,04500_12500_label_free.tif,43.8066
241,04500_13000_label_free.tif,44.5371
242,04500_13500_label_free.tif,40.8532
243,04500_14000_label_free.tif,39.037
244,04500_14500_label_free.tif,34.9519
245,04500_15000_label_free.tif,32.757
246,04500_15500_label_free.tif,31.8568
247,04500_16000_label_free.tif,31.8871
248,04500_16500_label_free.tif,34.1124
249,04500_17000_label_free.tif,36.0776
250,04500_17500_label_free.tif,34.4956
251,04500_18000_label_free.tif,29.023
252,04500_18500_label_free.tif,26.8553
253,04500_19000_label_free.tif,28.1765
254,04500_19500_label_free.tif,26.0836
255,05000_02500_label_free.tif,27.6893
256,05000_03000_label_free.tif,41.8058
257,05000_03500_label_free.tif,32.539
258,05000_05000_label_free.tif,31.6863
259,05000_05500_label_free.tif,38.13
260,05000_06000_label_free.tif,38.0154
261,05000_06500_label_free.tif,42.6905
262,05000_07000_label_free.tif,47.2259
263,05000_07500_label_free.tif,50.2654
264,05000_08000_label_free.tif,48.4479
265,05000_08500_label_free.tif,46.9535
266,05000_09000_label_free.tif,46.4737
267,05000_09500_label_free.tif,44.1578
268,05000_10000_label_free.tif,41.6686
269,05000_10500_label_free.tif,40.7945
270,05000_11000_label_free.tif,39.5551
271,05000_11500_label_free.tif,39.67
272,05000_12000_label_free.tif,45.5892
273,05000_12500_label_free.tif,48.7142
274,05000_13000_label_free.tif,50.9062
275,05000_13500_label_free.tif,47.7866
276,05000_14000_label_free.tif,45.2738
277,05000_14500_label_free.tif,37.5487
278,05000_15000_label_free.tif,31.3964
279,05000_15500_label_free.tif,29.5154
280,05000_16000_label_free.tif,28.3601
281,05000_16500_label_free.tif,29.2399
282,05000_17000_label_free.tif,30.3071
283,05000_17500_label_free.tif,30.2839
284,05000_18000_label_free.tif,27.4174
285,05000_18500_label_free.tif,27.0956
286,05000_19000_label_free.tif,27.3627
287,05000_19500_label_free.tif,29.027
288,05000_20000_label_free.tif,21.9677
289,05500_02500_label_free.tif,29.9538
290,05500_03000_label_free.tif,40.22
291,05500_03500_label_free.tif,31.9822
292,05500_04000_label_free.tif,20.6665
293,05500_04500_label_free.tif,19.7115
294,05500_05000_label_free.tif,29.4726
295,05500_05500_label_free.tif,37.7674
296,05500_06000_label_free.tif,39.0147
297,05500_06500_label_free.tif,42.0921
298,05500_07000_label_free.tif,47.5341
299,05500_07500_label_free.tif,52.1927
300,05500_08000_label_free.tif,51.5038
301,05500_08500_label_free.tif,47.2187
302,05500_09000_label_free.tif,45.2162
303,05500_09500_label_free.tif,42.474
304,05500_10000_label_free.tif,39.667
305,05500_10500_label_free.tif,38.5417
306,05500_11000_label_free.tif,35.5474
307,05500_11500_label_free.tif,35.2547
308,05500_12000_label_free.tif,42.6425
309,05500_12500_label_free.tif,49.3406
310,05500_13000_label_free.tif,53.7881
311,05500_13500_label_free.tif,55.3918
312,05500_14000_label_free.tif,55.5006
313,05500_14500_label_free.tif,44.8234
314,05500_15000_label_free.tif,31.3817
315,05500_15500_label_free.tif,25.7655
316,05500_16000_label_free.tif,25.3676
317,05500_16500_label_free.tif,28.3487
318,05500_17000_label_free.tif,31.0705
319,05500_17500_label_free.tif,32.5263
320,05500_18000_label_free.tif,31.3016
321,05500_18500_label_free.tif,31.4768
322,05500_19000_label_free.tif,28.1275
323,05500_19500_label_free.tif,31.1457
324,05500_20000_label_free.tif,27.3973
325,06000_02500_label_free.tif,28.6183
326,06000_03000_label_free.tif,35.9682
327,06000_03500_label_free.tif,29.4149
328,06000_04000_label_free.tif,21.1945
329,06000_04500_label_free.tif,20.7567
330,06000_05000_label_free.tif,28.0877
331,06000_05500_label_free.tif,34.7305
332,06000_06000_label_free.tif,36.8864
333,06000_06500_label_free.tif,38.3173
334,06000_07000_label_free.tif,45.5896
335,06000_07500_label_free.tif,50.1881
336,06000_08000_label_free.tif,48.1748
337,06000_08500_label_free.tif,39.3848
338,06000_09000_label_free.tif,37.1705
339,06000_09500_label_free.tif,37.0935
340,06000_10000_label_free.tif,36.3347
341,06000_10500_label_free.tif,35.1146
342,06000_11000_label_free.tif,30.8206
343,06000_11500_label_free.tif,30.891
344,06000_12000_label_free.tif,38.3924
345,06000_12500_label_free.tif,45.0051
346,06000_13000_label_free.tif,45.2624
347,06000_13500_label_free.tif,49.4999
348,06000_14000_label_free.tif,59.4248
349,06000_14500_label_free.tif,53.6385
350,06000_15000_label_free.tif,38.6446
351,06000_15500_label_free.tif,26.7121
352,06000_16000_label_free.tif,26.6154
353,06000_16500_label_free.tif,30.1285
354,06000_17000_label_free.tif,32.8778
355,06000_17500_label_free.tif,33.9294
356,06000_18000_label_free.tif,36.8794
357,06000_18500_label_free.tif,38.9884
358,06000_19000_label_free.tif,34.3271
359,06000_19500_label_free.tif,32.5125
360,06000_20000_label_free.tif,33.3975
361,06500_02000_label_free.tif,25.3333
362,06500_02500_label_free.tif,30.7761
363,06500_03000_label_free.tif,32.6935
364,06500_03500_label_free.tif,28.9009
365,06500_04000_label_free.tif,24.1772
366,06500_04500_label_free.tif,25.7614
367,06500_05000_label_free.tif,30.3437
368,06500_05500_label_free.tif,35.516
369,06500_06000_label_free.tif,37.9901
370,06500_06500_label_free.tif,38.0306
371,06500_07000_label_free.tif,43.2769
372,06500_07500_label_free.tif,47.1993
373,06500_08000_label_free.tif,45.5598
374,06500_08500_label_free.tif,38.177
375,06500_09000_label_free.tif,35.7346
376,06500_09500_label_free.tif,36.1851
377,06500_10000_label_free.tif,35.9287
378,06500_10500_label_free.tif,35.7411
379,06500_11000_label_free.tif,30.6692
380,06500_11500_label_free.tif,29.8534
381,06500_12000_label_free.tif,33.6329
382,06500_12500_label_free.tif,39.4412
383,06500_13000_label_free.tif,40.2383
384,06500_13500_label_free.tif,42.9699
385,06500_14000_label_free.tif,57.1224
386,06500_14500_label_free.tif,55.9666
387,06500_15000_label_free.tif,44.224
388,06500_15500_label_free.tif,28.5856
389,06500_16000_label_free.tif,27.8446
390,06500_16500_label_free.tif,31.7417
391,06500_17000_label_free.tif,33.9209
392,06500_17500_label_free.tif,33.7326
393,06500_18000_label_free.tif,40.5739
394,06500_18500_label_free.tif,44.9389
395,06500_19000_label_free.tif,40.7112
396,06500_19500_label_free.tif,35.7002
397,06500_20000_label_free.tif,37.5959
398,07000_00500_label_free.tif,19.9943
399,07000_01000_label_free.tif,27.069
400,07000_01500_label_free.tif,31.2227
401,07000_02000_label_free.tif,33.275
402,07000_02500_label_free.tif,34.8915
403,07000_03000_label_free.tif,34.1086
404,07000_03500_label_free.tif,32.1944
405,07000_04000_label_free.tif,29.6097
406,07000_04500_label_free.tif,32.1082
407,07000_05000_label_free.tif,34.2311
408,07000_05500_label_free.tif,36.148
409,07000_06000_label_free.tif,35.6435
410,07000_06500_label_free.tif,36.6405
411,07000_07000_label_free.tif,41.466
412,07000_07500_label_free.tif,44.7471
413,07000_08000_label_free.tif,43.6177
414,07000_08500_label_free.tif,38.6134
415,07000_09000_label_free.tif,36.6392
416,07000_09500_label_free.tif,36.8161
417,07000_10000_label_free.tif,36.4329
418,07000_10500_label_free.tif,36.688
419,07000_11000_label_free.tif,35.1504
420,07000_11500_label_free.tif,33.1035
421,07000_12000_label_free.tif,31.2973
422,07000_12500_label_free.tif,33.5706
423,07000_13000_label_free.tif,34.5643
424,07000_13500_label_free.tif,37.6116
425,07000_14000_label_free.tif,48.5437
426,07000_14500_label_free.tif,51.7335
427,07000_15000_label_free.tif,45.7661
428,07000_15500_label_free.tif,31.6459
429,07000_16000_label_free.tif,29.6484
430,07000_16500_label_free.tif,32.9592
431,07000_17000_label_free.tif,33.4444
432,07000_17500_label_free.tif,30.7947
433,07000_18000_label_free.tif,37.6968
434,07000_18500_label_free.tif,45.095
435,07000_19000_label_free.tif,45.8986
436,07000_19500_label_free.tif,37.6297
437,07000_20000_label_free.tif,38.4197
438,07500_00000_label_free.tif,22.5756
439,07500_00500_label_free.tif,24.8814
440,07500_01000_label_free.tif,28.8236
441,07500_01500_label_free.tif,37.4557
442,07500_02000_label_free.tif,46.9807
443,07500_02500_label_free.tif,46.9094
444,07500_03000_label_free.tif,42.519
445,07500_03500_label_free.tif,40.9317
446,07500_04000_label_free.tif,41.1656
447,07500_04500_label_free.tif,41.3499
448,07500_05000_label_free.tif,39.1461
449,07500_05500_label_free.tif,37.2055
450,07500_06000_label_free.tif,32.9332
451,07500_06500_label_free.tif,32.5585
452,07500_07000_label_free.tif,35.0459
453,07500_07500_label_free.tif,40.3384
454,07500_08000_label_free.tif,41.6642
455,07500_08500_label_free.tif,40.9609
456,07500_09000_label_free.tif,39.7902
457,07500_09500_label_free.tif,38.6164
458,07500_10000_label_free.tif,37.2432
459,07500_10500_label_free.tif,37.544
460,07500_11000_label_free.tif,39.0939
461,07500_11500_label_free.tif,39.018
462,07500_12000_label_free.tif,31.9796
463,07500_12500_label_free.tif,31.983
464,07500_13000_label_free.tif,32.7724
465,07500_13500_label_free.tif,37.9471
466,07500_14000_label_free.tif,42.1413
467,07500_14500_label_free.tif,46.5342
468,07500_15000_label_free.tif,42.4126
469,07500_15500_label_free.tif,32.1066
470,07500_16000_label_free.tif,30.286
471,07500_16500_label_free.tif,34.2328
472,07500_17000_label_free.tif,33.7659
473,07500_17500_label_free.tif,29.9164
474,07500_18000_label_free.tif,33.8302
475,07500_18500_label_free.tif,40.9297
476,07500_19000_label_free.tif,45.4645
477,07500_19500_label_free.tif,39.7525
478,07500_20000_label_free.tif,38.8097
479,08000_00000_label_free.tif,24.3102
480,08000_00500_label_free.tif,22.354
481,08000_01000_label_free.tif,24.5438
482,08000_01500_label_free.tif,35.057
483,08000_02000_label_free.tif,46.7123
484,08000_02500_label_free.tif,46.4676
485,08000_03000_label_free.tif,47.3434
486,08000_03500_label_free.tif,50.8915
487,08000_04000_label_free.tif,52.4335
488,08000_04500_label_free.tif,47.2491
489,08000_05000_label_free.tif,39.6155
490,08000_05500_label_free.tif,34.4016
491,08000_06000_label_free.tif,29.9491
492,08000_06500_label_free.tif,29.4567
493,08000_07000_label_free.tif,30.4311
494,08000_07500_label_free.tif,34.4133
495,08000_08000_label_free.tif,38.2071
496,08000_08500_label_free.tif,41.3353
497,08000_09000_label_free.tif,43.5519
498,08000_09500_label_free.tif,41.9489
499,08000_10000_label_free.tif,39.3923
500,08000_10500_label_free.tif,39.051
501,08000_11000_label_free.tif,41.2678
502,08000_11500_label_free.tif,43.2664
503,08000_12000_label_free.tif,37.6721
504,08000_12500_label_free.tif,35.5836
505,08000_13000_label_free.tif,32.6034
506,08000_13500_label_free.tif,37.0858
507,08000_14000_label_free.tif,39.6695
508,08000_14500_label_free.tif,41.4584
509,08000_15000_label_free.tif,37.4747
510,08000_15500_label_free.tif,30.706
511,08000_16000_label_free.tif,31.2368
512,08000_16500_label_free.tif,34.2875
513,08000_17000_label_free.tif,33.1828
514,08000_17500_label_free.tif,28.7027
515,08000_18000_label_free.tif,31.0401
516,08000_18500_label_free.tif,38.2314
517,08000_19000_label_free.tif,45.572
518,08000_19500_label_free.tif,40.378
519,08000_20000_label_free.tif,37.0411
520,08500_00000_label_free.tif,26.5778
521,08500_00500_label_free.tif,28.6005
522,08500_01000_label_free.tif,26.0435
523,08500_01500_label_free.tif,30.7601
524,08500_02000_label_free.tif,44.352
525,08500_02500_label_free.tif,47.5967
526,08500_03000_label_free.tif,51.8359
527,08500_03500_label_free.tif,55.016
528,08500_04000_label_free.tif,55.3152
529,08500_04500_label_free.tif,47.001
530,08500_05000_label_free.tif,38.1265
531,08500_05500_label_free.tif,33.3581
532,08500_06000_label_free.tif,30.8846
533,08500_06500_label_free.tif,30.2754
534,08500_07000_label_free.tif,29.351
535,08500_07500_label_free.tif,31.7728
536,08500_08000_label_free.tif,34.3569
537,08500_08500_label_free.tif,38.5775
538,08500_09000_label_free.tif,42.133
539,08500_09500_label_free.tif,43.0384
540,08500_10000_label_free.tif,40.3364
541,08500_10500_label_free.tif,39.2077
542,08500_11000_label_free.tif,40.3604
543,08500_11500_label_free.tif,44.0522
544,08500_12000_label_free.tif,42.1186
545,08500_12500_label_free.tif,39.5681
546,08500_13000_label_free.tif,34.4772
547,08500_13500_label_free.tif,34.729
548,08500_14000_label_free.tif,36.3991
549,08500_14500_label_free.tif,35.2524
550,08500_15000_label_free.tif,32.2123
551,08500_15500_label_free.tif,28.6422
552,08500_16000_label_free.tif,30.5601
553,08500_16500_label_free.tif,33.1861
554,08500_17000_label_free.tif,32.9563
555,08500_17500_label_free.tif,29.4432
556,08500_18000_label_free.tif,34.6331
557,08500_18500_label_free.tif,40.0899
558,08500_19000_label_free.tif,45.1307
559,08500_19500_label_free.tif,39.269
560,08500_20000_label_free.tif,34.93
561,09000_00000_label_free.tif,24.9318
562,09000_00500_label_free.tif,32.7896
563,09000_01000_label_free.tif,27.6651
564,09000_01500_label_free.tif,25.2284
565,09000_02000_label_free.tif,32.7968
566,09000_02500_label_free.tif,43.0138
567,09000_03000_label_free.tif,52.5604
568,09000_03500_label_free.tif,56.0825
569,09000_04000_label_free.tif,50.982
570,09000_04500_label_free.tif,42.3357
571,09000_05000_label_free.tif,34.8035
572,09000_05500_label_free.tif,32.3878
573,09000_06000_label_free.tif,32.4714
574,09000_06500_label_free.tif,32.8561
575,09000_07000_label_free.tif,32.0965
576,09000_07500_label_free.tif,31.9812
577,09000_08000_label_free.tif,32.998
578,09000_08500_label_free.tif,33.4891
579,09000_09000_label_free.tif,38.0225
580,09000_09500_label_free.tif,40.5986
581,09000_10000_label_free.tif,40.9846
582,09000_10500_label_free.tif,39.362
583,09000_11000_label_free.tif,39.8588
584,09000_11500_label_free.tif,40.6082
585,09000_12000_label_free.tif,40.9884
586,09000_12500_label_free.tif,39.0406
587,09000_13000_label_free.tif,36.353
588,09000_13500_label_free.tif,35.3254
589,09000_14000_label_free.tif,38.6536
590,09000_14500_label_free.tif,36.118
591,09000_15000_label_free.tif,31.8647
592,09000_15500_label_free.tif,27.879
593,09000_16000_label_free.tif,30.579
594,09000_16500_label_free.tif,32.0767
595,09000_17000_label_free.tif,32.4752
596,09000_17500_label_free.tif,31.4164
597,09000_18000_label_free.tif,40.5633
598,09000_18500_label_free.tif,46.8204
599,09000_19000_label_free.tif,47.3107
600,09000_19500_label_free.tif,38.3308
601,09000_20000_label_free.tif,33.495
602,09500_00000_label_free.tif,22.2113
603,09500_00500_label_free.tif,34.9018
604,09500_01000_label_free.tif,28.3032
605,09500_01500_label_free.tif,23.8668
606,09500_02000_label_free.tif,27.7441
607,09500_02500_label_free.tif,44.8285
608,09500_03000_label_free.tif,53.6781
609,09500_03500_label_free.tif,53.1071
610,09500_04000_label_free.tif,42.5145
611,09500_04500_label_free.tif,35.475
612,09500_05000_label_free.tif,31.3604
613,09500_05500_label_free.tif,31.6201
614,09500_06000_label_free.tif,31.9218
615,09500_06500_label_free.tif,33.5508
616,09500_07000_label_free.tif,33.9667
617,09500_07500_label_free.tif,33.5452
618,09500_08000_label_free.tif,32.2528
619,09500_08500_label_free.tif,29.8603
620,09500_09000_label_free.tif,31.1589
621,09500_09500_label_free.tif,34.8993
622,09500_10000_label_free.tif,39.7662
623,09500_10500_label_free.tif,40.1339
624,09500_11000_label_free.tif,39.9306
625,09500_11500_label_free.tif,39.9362
626,09500_12000_label_free.tif,38.7039
627,09500_12500_label_free.tif,37.9076
628,09500_13000_label_free.tif,37.3996
629,09500_13500_label_free.tif,39.0054
630,09500_14000_label_free.tif,45.1896
631,09500_14500_label_free.tif,44.3947
632,09500_15000_label_free.tif,38.7854
633,09500_15500_label_free.tif,30.4143
634,09500_16000_label_free.tif,31.6066
635,09500_16500_label_free.tif,31.9003
636,09500_17000_label_free.tif,32.2414
637,09500_17500_label_free.tif,34.4169
638,09500_18000_label_free.tif,45.8456
639,09500_18500_label_free.tif,51.737
640,09500_19000_label_free.tif,47.4232
641,09500_19500_label_free.tif,37.0409
642,09500_20000_label_free.tif,33.6363
643,10000_00000_label_free.tif,16.1631
644,10000_00500_label_free.tif,28.6466
645,10000_01000_label_free.tif,27.2676
646,10000_01500_label_free.tif,29.179
647,10000_02000_label_free.tif,28.9757
648,10000_02500_label_free.tif,44.6783
649,10000_03000_label_free.tif,48.7152
650,10000_03500_label_free.tif,48.3896
651,10000_04000_label_free.tif,34.8113
652,10000_04500_label_free.tif,27.2533
653,10000_05000_label_free.tif,21.4201
654,10000_05500_label_free.tif,22.3448
655,10000_06000_label_free.tif,25.3369
656,10000_06500_label_free.tif,31.2335
657,10000_07000_label_free.tif,34.5033
658,10000_07500_label_free.tif,34.8227
659,10000_08000_label_free.tif,33.4403
660,10000_08500_label_free.tif,30.4214
661,10000_09000_label_free.tif,29.0583
662,10000_09500_label_free.tif,31.2432
663,10000_10000_label_free.tif,39.5203
664,10000_10500_label_free.tif,41.7158
665,10000_11000_label_free.tif,42.0666
666,10000_11500_label_free.tif,41.1897
667,10000_12000_label_free.tif,38.9431
668,10000_12500_label_free.tif,38.3332
669,10000_13000_label_free.tif,38.8232
670,10000_13500_label_free.tif,41.3509
671,10000_14000_label_free.tif,49.1733
672,10000_14500_label_free.tif,48.7341
673,10000_15000_label_free.tif,43.1966
674,10000_15500_label_free.tif,33.6337
675,10000_16000_label_free.tif,33.39
676,10000_16500_label_free.tif,32.2229
677,10000_17000_label_free.tif,32.2772
678,10000_17500_label_free.tif,38.8014
679,10000_18000_label_free.tif,50.2799
680,10000_18500_label_free.tif,54.8219
681,10000_19000_label_free.tif,47.0628
682,10000_19500_label_free.tif,36.287
683,10000_20000_label_free.tif,33.878
684,10500_00500_label_free.tif,24.9841
685,10500_01000_label_free.tif,30.21
686,10500_01500_label_free.tif,34.7612
687,10500_02000_label_free.tif,34.9209
688,10500_02500_label_free.tif,43.2093
689,10500_03000_label_free.tif,43.2063
690,10500_03500_label_free.tif,42.9943
691,10500_04000_label_free.tif,33.5317
692,10500_04500_label_free.tif,23.8951
693,10500_06000_label_free.tif,21.5398
694,10500_06500_label_free.tif,31.4823
695,10500_07000_label_free.tif,36.1545
696,10500_07500_label_free.tif,38.1239
697,10500_08000_label_free.tif,35.7197
698,10500_08500_label_free.tif,32.2716
699,10500_09000_label_free.tif,30.099
700,10500_09500_label_free.tif,30.564
701,10500_10000_label_free.tif,36.6606
702,10500_10500_label_free.tif,38.5794
703,10500_11000_label_free.tif,42.4354
704,10500_11500_label_free.tif,42.6108
705,10500_12000_label_free.tif,40.4391
706,10500_12500_label_free.tif,38.5646
707,10500_13000_label_free.tif,37.8489
708,10500_13500_label_free.tif,38.5751
709,10500_14000_label_free.tif,42.3709
710,10500_14500_label_free.tif,41.3483
711,10500_15000_label_free.tif,39.2457
712,10500_15500_label_free.tif,33.8612
713,10500_16000_label_free.tif,33.3362
714,10500_16500_label_free.tif,31.093
715,10500_17000_label_free.tif,32.9802
716,10500_17500_label_free.tif,43.0832
717,10500_18000_label_free.tif,54.6007
718,10500_18500_label_free.tif,54.1356
719,10500_19000_label_free.tif,44.108
720,10500_19500_label_free.tif,35.6405
721,10500_20000_label_free.tif,35.5401
722,11000_00500_label_free.tif,21.3412
723,11000_01000_label_free.tif,32.5144
724,11000_01500_label_free.tif,38.1107
725,11000_02000_label_free.tif,40.2114
726,11000_02500_label_free.tif,41.4902
727,11000_03000_label_free.tif,42.518
728,11000_03500_label_free.tif,42.4378
729,11000_04000_label_free.tif,37.6677
730,11000_04500_label_free.tif,27.1113
731,11000_06000_label_free.tif,20.238
732,11000_06500_label_free.tif,30.9468
733,11000_07000_label_free.tif,36.2753
734,11000_07500_label_free.tif,38.3833
735,11000_08000_label_free.tif,37.4949
736,11000_08500_label_free.tif,35.4222
737,11000_09000_label_free.tif,34.8055
738,11000_09500_label_free.tif,33.6044
739,11000_10000_label_free.tif,36.8474
740,11000_10500_label_free.tif,36.3331
741,11000_11000_label_free.tif,40.8507
742,11000_11500_label_free.tif,41.2648
743,11000_12000_label_free.tif,40.7502
744,11000_12500_label_free.tif,39.231
745,11000_13000_label_free.tif,37.3657
746,11000_13500_label_free.tif,36.6436
747,11000_14000_label_free.tif,36.1511
748,11000_14500_label_free.tif,34.1765
749,11000_15000_label_free.tif,33.3239
750,11000_15500_label_free.tif,32.8
751,11000_16000_label_free.tif,31.9986
752,11000_16500_label_free.tif,31.9977
753,11000_17000_label_free.tif,38.2819
754,11000_17500_label_free.tif,50.4554
755,11000_18000_label_free.tif,57.6541
756,11000_18500_label_free.tif,52.9377
757,11000_19000_label_free.tif,43.493
758,11000_19500_label_free.tif,36.3797
759,11000_20000_label_free.tif,35.6213
760,11500_00500_label_free.tif,19.0407
761,11500_01000_label_free.tif,33.3646
762,11500_01500_label_free.tif,40.0956
763,11500_02000_label_free.tif,44.0169
764,11500_02500_label_free.tif,41.2218
765,11500_03000_label_free.tif,42.4383
766,11500_03500_label_free.tif,43.1323
767,11500_04000_label_free.tif,45.8933
768,11500_04500_label_free.tif,38.3499
769,11500_05000_label_free.tif,29.5232
770,11500_05500_label_free.tif,24.9407
771,11500_06000_label_free.tif,28.6955
772,11500_06500_label_free.tif,34.0096
773,11500_07000_label_free.tif,36.0851
774,11500_07500_label_free.tif,37.7703
775,11500_08000_label_free.tif,38.1283
776,11500_08500_label_free.tif,36.7208
777,11500_09000_label_free.tif,38.446
778,11500_09500_label_free.tif,35.7099
779,11500_10000_label_free.tif,37.3405
780,11500_10500_label_free.tif,35.6601
781,11500_11000_label_free.tif,39.2802
782,11500_11500_label_free.tif,38.6513
783,11500_12000_label_free.tif,38.8694
784,11500_12500_label_free.tif,38.5657
785,11500_13000_label_free.tif,36.9538
786,11500_13500_label_free.tif,35.3417
787,11500_14000_label_free.tif,33.4758
788,11500_14500_label_free.tif,31.2444
789,11500_15000_label_free.tif,29.5803
790,11500_15500_label_free.tif,29.4757
791,11500_16000_label_free.tif,31.8778
792,11500_16500_label_free.tif,37.3074
793,11500_17000_label_free.tif,47.8304
794,11500_17500_label_free.tif,56.4797
795,11500_18000_label_free.tif,58.5113
796,11500_18500_label_free.tif,51.7166
797,11500_19000_label_free.tif,44.8517
798,11500_19500_label_free.tif,37.9623
799,11500_20000_label_free.tif,33.9261
800,12000_01000_label_free.tif,30.5701
801,12000_01500_label_free.tif,41.0644
802,12000_02000_label_free.tif,46.299
803,12000_02500_label_free.tif,45.3938
804,12000_03000_label_free.tif,48.8606
805,12000_03500_label_free.tif,48.994
806,12000_04000_label_free.tif,52.0618
807,12000_04500_label_free.tif,47.1363
808,12000_05000_label_free.tif,42.0535
809,12000_05500_label_free.tif,37.5222
810,12000_06000_label_free.tif,37.6894
811,12000_06500_label_free.tif,37.8852
812,12000_07000_label_free.tif,38.0237
813,12000_07500_label_free.tif,38.3515
814,12000_08000_label_free.tif,39.0462
815,12000_08500_label_free.tif,38.3732
816,12000_09000_label_free.tif,39.3723
817,12000_09500_label_free.tif,35.6802
818,12000_10000_label_free.tif,39.6076
819,12000_10500_label_free.tif,40.1551
820,12000_11000_label_free.tif,42.5218
821,12000_11500_label_free.tif,39.9326
822,12000_12000_label_free.tif,38.0247
823,12000_12500_label_free.tif,37.1772
824,12000_13000_label_free.tif,34.6891
825,12000_13500_label_free.tif,33.2659
826,12000_14000_label_free.tif,31.8071
827,12000_14500_label_free.tif,31.0055
828,12000_15000_label_free.tif,28.2937
829,12000_15500_label_free.tif,28.1839
830,12000_16000_label_free.tif,35.1024
831,12000_16500_label_free.tif,46.8383
832,12000_17000_label_free.tif,55.5945
833,12000_17500_label_free.tif,57.9515
834,12000_18000_label_free.tif,55.9583
835,12000_18500_label_free.tif,52.2175
836,12000_19000_label_free.tif,45.4755
837,12000_19500_label_free.tif,34.0248
838,12000_20000_label_free.tif,24.8518
839,12500_01000_label_free.tif,28.463
840,12500_01500_label_free.tif,41.4349
841,12500_02000_label_free.tif,48.6531
842,12500_02500_label_free.tif,48.7036
843,12500_03000_label_free.tif,51.8958
844,12500_03500_label_free.tif,50.0806
845,12500_04000_label_free.tif,52.4483
846,12500_04500_label_free.tif,48.7729
847,12500_05000_label_free.tif,45.0052
848,12500_05500_label_free.tif,43.5436
849,12500_06000_label_free.tif,44.7418
850,12500_06500_label_free.tif,44.4505
851,12500_07000_label_free.tif,44.324
852,12500_07500_label_free.tif,43.7883
853,12500_08000_label_free.tif,42.0111
854,12500_08500_label_free.tif,38.9737
855,12500_09000_label_free.tif,37.2872
856,12500_09500_label_free.tif,33.3276
857,12500_10000_label_free.tif,38.7033
858,12500_10500_label_free.tif,43.6261
859,12500_11000_label_free.tif,46.3227
860,12500_11500_label_free.tif,41.7631
861,12500_12000_label_free.tif,36.5594
862,12500_12500_label_free.tif,36.5274
863,12500_13000_label_free.tif,37.8041
864,12500_13500_label_free.tif,39.7757
865,12500_14000_label_free.tif,39.9428
866,12500_14500_label_free.tif,38.6844
867,12500_15000_label_free.tif,36.044
868,12500_15500_label_free.tif,36.0029
869,12500_16000_label_free.tif,45.1785
870,12500_16500_label_free.tif,56.2682
871,12500_17000_label_free.tif,60.6387
872,12500_17500_label_free.tif,57.9164
873,12500_18000_label_free.tif,54.7808
874,12500_18500_label_free.tif,50.4164
875,12500_19000_label_free.tif,39.05
876,12500_19500_label_free.tif,25.3273
877,13000_01000_label_free.tif,25.7649
878,13000_01500_label_free.tif,38.1673
879,13000_02000_label_free.tif,44.9381
880,13000_02500_label_free.tif,49.6194
881,13000_03000_label_free.tif,53.9774
882,13000_03500_label_free.tif,50.8707
883,13000_04000_label_free.tif,48.2867
884,13000_04500_label_free.tif,45.5572
885,13000_05000_label_free.tif,42.494
886,13000_05500_label_free.tif,41.5543
887,13000_06000_label_free.tif,42.0402
888,13000_06500_label_free.tif,41.3094
889,13000_07000_label_free.tif,42.4144
890,13000_07500_label_free.tif,44.2726
891,13000_08000_label_free.tif,43.0501
892,13000_08500_label_free.tif,39.9886
893,13000_09000_label_free.tif,36.3965
894,13000_09500_label_free.tif,34.3278
895,13000_10000_label_free.tif,38.253
896,13000_10500_label_free.tif,42.238
897,13000_11000_label_free.tif,43.4858
898,13000_11500_label_free.tif,40.9511
899,13000_12000_label_free.tif,35.5931
900,13000_12500_label_free.tif,34.4144
901,13000_13000_label_free.tif,37.5561
902,13000_13500_label_free.tif,43.4491
903,13000_14000_label_free.tif,46.3859
904,13000_14500_label_free.tif,46.9848
905,13000_15000_label_free.tif,46.5919
906,13000_15500_label_free.tif,46.4175
907,13000_16000_label_free.tif,52.9716
908,13000_16500_label_free.tif,59.5626
909,13000_17000_label_free.tif,60.1967
910,13000_17500_label_free.tif,56.047
911,13000_18000_label_free.tif,49.8792
912,13000_18500_label_free.tif,43.1455
913,13000_19000_label_free.tif,28.5223
914,13500_01000_label_free.tif,23.7629
915,13500_01500_label_free.tif,31.4361
916,13500_02000_label_free.tif,36.5366
917,13500_02500_label_free.tif,41.6814
918,13500_03000_label_free.tif,48.5139
919,13500_03500_label_free.tif,44.4416
920,13500_04000_label_free.tif,41.6848
921,13500_04500_label_free.tif,41.2065
922,13500_05000_label_free.tif,40.1092
923,13500_05500_label_free.tif,39.13
924,13500_06000_label_free.tif,38.0701
925,13500_06500_label_free.tif,36.4528
926,13500_07000_label_free.tif,36.7211
927,13500_07500_label_free.tif,38.9585
928,13500_08000_label_free.tif,39.0945
929,13500_08500_label_free.tif,40.5714
930,13500_09000_label_free.tif,39.2523
931,13500_09500_label_free.tif,39.3092
932,13500_10000_label_free.tif,37.8339
933,13500_10500_label_free.tif,37.2737
934,13500_11000_label_free.tif,36.3482
935,13500_11500_label_free.tif,35.4501
936,13500_12000_label_free.tif,33.414
937,13500_12500_label_free.tif,35.2612
938,13500_13000_label_free.tif,43.161
939,13500_13500_label_free.tif,49.3246
940,13500_14000_label_free.tif,51.04
941,13500_14500_label_free.tif,51.1815
942,13500_15000_label_free.tif,55.5319
943,13500_15500_label_free.tif,56.3905
944,13500_16000_label_free.tif,59.2209
945,13500_16500_label_free.tif,58.3259
946,13500_17000_label_free.tif,55.3062
947,13500_17500_label_free.tif,48.3934
948,13500_18000_label_free.tif,40.8629
949,13500_18500_label_free.tif,31.7935
950,14000_01000_label_free.tif,20.0582
951,14000_01500_label_free.tif,23.6038
952,14000_02000_label_free.tif,25.218
953,14000_02500_label_free.tif,30.7613
954,14000_03000_label_free.tif,39.1067
955,14000_03500_label_free.tif,37.3942
956,14000_04000_label_free.tif,35.7629
957,14000_04500_label_free.tif,37.0694
958,14000_05000_label_free.tif,38.5406
959,14000_05500_label_free.tif,38.1314
960,14000_06000_label_free.tif,35.1668
961,14000_06500_label_free.tif,32.2653
962,14000_07000_label_free.tif,30.4967
963,14000_07500_label_free.tif,31.9101
964,14000_08000_label_free.tif,34.4232
965,14000_08500_label_free.tif,38.426
966,14000_09000_label_free.tif,41.6001
967,14000_09500_label_free.tif,41.694
968,14000_10000_label_free.tif,39.4337
969,14000_10500_label_free.tif,34.5583
970,14000_11000_label_free.tif,33.3911
971,14000_11500_label_free.tif,33.8127
972,14000_12000_label_free.tif,33.8119
973,14000_12500_label_free.tif,33.8904
974,14000_13000_label_free.tif,38.6158
975,14000_13500_label_free.tif,40.9337
976,14000_14000_label_free.tif,42.3836
977,14000_14500_label_free.tif,45.3234
978,14000_15000_label_free.tif,50.0451
979,14000_15500_label_free.tif,50.1304
980,14000_16000_label_free.tif,53.338
981,14000_16500_label_free.tif,50.9283
982,14000_17000_label_free.tif,46.2773
983,14000_17500_label_free.tif,36.9555
984,14000_18000_label_free.tif,29.1317
985,14500_03000_label_free.tif,30.062
986,14500_03500_label_free.tif,30.9015
987,14500_04000_label_free.tif,33.7888
988,14500_04500_label_free.tif,36.2864
989,14500_05000_label_free.tif,38.6747
990,14500_05500_label_free.tif,36.0873
991,14500_06000_label_free.tif,28.5641
992,14500_06500_label_free.tif,23.5877
993,14500_07000_label_free.tif,23.1587
994,14500_07500_label_free.tif,24.3105
995,14500_08000_label_free.tif,24.811
996,14500_08500_label_free.tif,25.8957
997,14500_09000_label_free.tif,32.5937
998,14500_09500_label_free.tif,37.528
999,14500_10000_label_free.tif,41.1681
1000,14500_10500_label_free.tif,38.9177
1001,14500_11000_label_free.tif,37.8454
1002,14500_11500_label_free.tif,36.919
1003,14500_12000_label_free.tif,35.6574
1004,14500_12500_label_free.tif,37.9275
1005,14500_13000_label_free.tif,42.5669
1006,14500_13500_label_free.tif,42.9056
1007,14500_14000_label_free.tif,41.188
1008,14500_14500_label_free.tif,40.3092
1009,14500_15000_label_free.tif,41.9387
1010,14500_15500_label_free.tif,42.1788
1011,14500_16000_label_free.tif,48.1124
1012,14500_16500_label_free.tif,46.5025
1013,14500_17000_label_free.tif,38.9327
1014,14500_17500_label_free.tif,26.0936
1015,15000_03000_label_free.tif,26.5144
1016,15000_03500_label_free.tif,31.6962
1017,15000_04000_label_free.tif,34.212
1018,15000_04500_label_free.tif,36.8765
1019,15000_05000_label_free.tif,35.7489
1020,15000_05500_label_free.tif,29.0034
1021,15000_07500_label_free.tif,17.4957
1022,15000_08000_label_free.tif,19.6799
1023,15000_09500_label_free.tif,31.1214
1024,15000_10000_label_free.tif,41.7438
1025,15000_10500_label_free.tif,41.2285
1026,15000_11000_label_free.tif,40.5933
1027,15000_11500_label_free.tif,39.3823
1028,15000_12000_label_free.tif,37.4536
1029,15000_12500_label_free.tif,39.8062
1030,15000_13000_label_free.tif,42.8639
1031,15000_13500_label_free.tif,44.7463
1032,15000_14000_label_free.tif,42.84
1033,15000_14500_label_free.tif,39.4848
1034,15000_15000_label_free.tif,34.9727
1035,15000_15500_label_free.tif,33.339
1036,15000_16000_label_free.tif,37.7456
1037,15000_16500_label_free.tif,39.9179
1038,15000_17000_label_free.tif,35.6278
1039,15000_17500_label_free.tif,24.5767
1040,15500_03500_label_free.tif,32.6306
1041,15500_04000_label_free.tif,38.4527
1042,15500_04500_label_free.tif,37.6438
1043,15500_05000_label_free.tif,30.1417
1044,15500_09500_label_free.tif,27.64
1045,15500_10000_label_free.tif,39.9485
1046,15500_10500_label_free.tif,39.2112
1047,15500_11000_label_free.tif,38.5487
1048,15500_11500_label_free.tif,38.6249
1049,15500_12000_label_free.tif,38.3006
1050,15500_12500_label_free.tif,40.8197
1051,15500_13000_label_free.tif,44.2888
1052,15500_13500_label_free.tif,47.4464
1053,15500_14000_label_free.tif,45.5075
1054,15500_14500_label_free.tif,39.5561
1055,15500_15000_label_free.tif,34.089
1056,15500_15500_label_free.tif,31.6718
1057,15500_16000_label_free.tif,33.4265
1058,15500_16500_label_free.tif,36.5031
1059,15500_17000_label_free.tif,34.4896
1060,15500_17500_label_free.tif,27.286
1061,16000_03500_label_free.tif,23.3794
1062,16000_04000_label_free.tif,27.7164
1063,16000_04500_label_free.tif,25.9923
1064,16000_07500_label_free.tif,17.534
1065,16000_08000_label_free.tif,19.995
1066,16000_08500_label_free.tif,17.9229
1067,16000_09000_label_free.tif,21.0601
1068,16000_09500_label_free.tif,29.1846
1069,16000_10000_label_free.tif,37.8451
1070,16000_10500_label_free.tif,37.3249
1071,16000_11000_label_free.tif,36.3412
1072,16000_11500_label_free.tif,36.1675
1073,16000_12000_label_free.tif,35.7401
1074,16000_12500_label_free.tif,36.7968
1075,16000_13000_label_free.tif,38.9183
1076,16000_13500_label_free.tif,42.4156
1077,16000_14000_label_free.tif,43.0347
1078,16000_14500_label_free.tif,39.5801
1079,16000_15000_label_free.tif,35.0211
1080,16000_15500_label_free.tif,32.9681
1081,16000_16000_label_free.tif,32.4795
1082,16000_16500_label_free.tif,32.9904
1083,16000_17000_label_free.tif,31.2622
1084,16000_17500_label_free.tif,27.2033
1085,16500_06500_label_free.tif,18.5927
1086,16500_07000_label_free.tif,21.1858
1087,16500_07500_label_free.tif,22.7753
1088,16500_08000_label_free.tif,22.5064
1089,16500_08500_label_free.tif,22.3751
1090,16500_09000_label_free.tif,25.0217
1091,16500_09500_label_free.tif,31.9886
1092,16500_10000_label_free.tif,36.6334
1093,16500_10500_label_free.tif,38.4358
1094,16500_11000_label_free.tif,35.9464
1095,16500_11500_label_free.tif,34.5452
1096,16500_12000_label_free.tif,33.5421
1097,16500_12500_label_free.tif,33.7296
1098,16500_13000_label_free.tif,34.9048
1099,16500_13500_label_free.tif,37.5336
1100,16500_14000_label_free.tif,40.1486
1101,16500_14500_label_free.tif,38.8821
1102,16500_15000_label_free.tif,37.0423
1103,16500_15500_label_free.tif,34.4649
1104,16500_16000_label_free.tif,29.552
1105,16500_16500_label_free.tif,23.332
1106,16500_17000_label_free.tif,18.3524
1107,17000_06500_label_free.tif,20.0384
1108,17000_07000_label_free.tif,20.6218
1109,17000_07500_label_free.tif,19.1047
1110,17000_08000_label_free.tif,17.5529
1111,17000_08500_label_free.tif,20.4203
1112,17000_09000_label_free.tif,21.2329
1113,17000_09500_label_free.tif,26.6609
1114,17000_10000_label_free.tif,30.9046
1115,17000_10500_label_free.tif,36.8332
1116,17000_11000_label_free.tif,34.7178
1117,17000_11500_label_free.tif,33.5661
1118,17000_12000_label_free.tif,34.3562
1119,17000_12500_label_free.tif,34.8892
1120,17000_13000_label_free.tif,34.3469
1121,17000_13500_label_free.tif,34.3162
1122,17000_14000_label_free.tif,35.5916
1123,17000_14500_label_free.tif,34.3311
1124,17000_15000_label_free.tif,31.7499
1125,17000_15500_label_free.tif,26.8705
1126,17000_16000_label_free.tif,20.1292
1127,17500_10000_label_free.tif,21.1714
1128,17500_10500_label_free.tif,30.4908
1129,17500_11000_label_free.tif,32.8571
1130,17500_11500_label_free.tif,32.1925
1131,17500_12000_label_free.tif,30.9643
1132,17500_12500_label_free.tif,31.014
1133,17500_13000_label_free.tif,31.9432
1134,17500_13500_label_free.tif,32.122
1135,17500_14000_label_free.tif,31.0727
1136,17500_14500_label_free.tif,26.1421
1137,17500_15000_label_free.tif,20.2469
1138,18000_11000_label_free.tif,21.497
1139,18000_11500_label_free.tif,22.2755
1140,18000_12000_label_free.tif,20.4466
1141,18000_12500_label_free.tif,22.9229
1142,18000_13000_label_free.tif,27.6813
1143,18000_13500_label_free.tif,31.0286
1144,18000_14000_label_free.tif,26.2861
