domain,path,set_id,specimen_id,patient_id
LF,raw/LF/image_000.png,EXAMPLE_S001_A1,EXAMPLE_SP001_A,EXAMPLE_P001
LF,raw/LF/image_001.png,EXAMPLE_S001_A1,EXAMPLE_SP001_A,EXAMPLE_P001
LF,raw/LF/image_002.png,EXAMPLE_S001_A2,EXAMPLE_SP001_A,EXAMPLE_P001
HE,raw/HE/image_003.tif,EXAMPLE_S001_A2,EXAMPLE_SP001_A,EXAMPLE_P001
HE,raw/HE/image_004.tif,EXAMPLE_S001_B1,EXAMPLE_SP001_B,EXAMPLE_P001
LF,raw/LF/image_005.png,EXAMPLE_S001_B2,EXAMPLE_SP001_B,EXAMPLE_P001
HE,raw/HE/image_006.tif,EXAMPLE_S001_B1,EXAMPLE_SP001_B,EXAMPLE_P001
LF,raw/LF/image_007.png,EXAMPLE_S002_A1,EXAMPLE_SP002_A,EXAMPLE_P002
LF,raw/LF/image_008.png,EXAMPLE_S002_A1,EXAMPLE_SP002_A,EXAMPLE_P002
LF,raw/LF/image_009.png,EXAMPLE_S002_A2,EXAMPLE_SP002_A,EXAMPLE_P002
HE,raw/HE/image_010.tif,EXAMPLE_S002_A2,EXAMPLE_SP002_A,EXAMPLE_P002
HE,raw/HE/image_011.tif,EXAMPLE_S002_B1,EXAMPLE_SP002_B,EXAMPLE_P002
LF,raw/LF/image_012.png,EXAMPLE_S002_B2,EXAMPLE_SP002_B,EXAMPLE_P002
LF,raw/LF/image_013.png,EXAMPLE_S003_A1,EXAMPLE_SP003_A,EXAMPLE_P003
LF,raw/LF/image_014.png,EXAMPLE_S003_A1,EXAMPLE_SP003_A,EXAMPLE_P003
LF,raw/LF/image_015.png,EXAMPLE_S003_A2,EXAMPLE_SP003_A,EXAMPLE_P003
HE,raw/HE/image_016.tif,EXAMPLE_S003_A2,EXAMPLE_SP003_A,EXAMPLE_P003
HE,raw/HE/image_017.tif,EXAMPLE_S003_B1,EXAMPLE_SP003_B,EXAMPLE_P003
LF,raw/LF/image_018.png,EXAMPLE_S003_B2,EXAMPLE_SP003_B,EXAMPLE_P003
HE,raw/HE/image_019.tif,EXAMPLE_S003_B1,EXAMPLE_SP003_B,EXAMPLE_P003
LF,raw/LF/image_020.png,EXAMPLE_S004_A1,EXAMPLE_SP004_A,EXAMPLE_P004
LF,raw/LF/image_021.png,EXAMPLE_S004_A1,EXAMPLE_SP004_A,EXAMPLE_P004
LF,raw/LF/image_022.png,EXAMPLE_S004_A2,EXAMPLE_SP004_A,EXAMPLE_P004
HE,raw/HE/image_023.tif,EXAMPLE_S004_A2,EXAMPLE_SP004_A,EXAMPLE_P004
HE,raw/HE/image_024.tif,EXAMPLE_S004_B1,EXAMPLE_SP004_B,EXAMPLE_P004
LF,raw/LF/image_025.png,EXAMPLE_S004_B2,EXAMPLE_SP004_B,EXAMPLE_P004
LF,raw/LF/image_026.png,EXAMPLE_S005_A1,EXAMPLE_SP005_A,EXAMPLE_P005
LF,raw/LF/image_027.png,EXAMPLE_S005_A1,EXAMPLE_SP005_A,EXAMPLE_P005
LF,raw/LF/image_028.png,EXAMPLE_S005_A2,EXAMPLE_SP005_A,EXAMPLE_P005
HE,raw/HE/image_029.tif,EXAMPLE_S005_A2,EXAMPLE_SP005_A,EXAMPLE_P005
HE,raw/HE/image_030.tif,EXAMPLE_S005_B1,EXAMPLE_SP005_B,EXAMPLE_P005
LF,raw/LF/image_031.png,EXAMPLE_S005_B2,EXAMPLE_SP005_B,EXAMPLE_P005
HE,raw/HE/image_032.tif,EXAMPLE_S005_B1,EXAMPLE_SP005_B,EXAMPLE_P005
LF,raw/LF/image_033.png,EXAMPLE_S006_A1,EXAMPLE_SP006_A,EXAMPLE_P006
LF,raw/LF/image_034.png,EXAMPLE_S006_A1,EXAMPLE_SP006_A,EXAMPLE_P006
LF,raw/LF/image_035.png,EXAMPLE_S006_A2,EXAMPLE_SP006_A,EXAMPLE_P006
HE,raw/HE/image_036.tif,EXAMPLE_S006_A2,EXAMPLE_SP006_A,EXAMPLE_P006
HE,raw/HE/image_037.tif,EXAMPLE_S006_B1,EXAMPLE_SP006_B,EXAMPLE_P006
LF,raw/LF/image_038.png,EXAMPLE_S006_B2,EXAMPLE_SP006_B,EXAMPLE_P006
